"","d0_mature_skeletal_muscle","d0_MuSCs_and_progenitors","d5_mature_skeletal_muscle","d5_MuSCs_and_progenitors","d7_mature_skeletal_muscle","d7_MuSCs_and_progenitors"
"1","Tpm2","Malat1","Eef1a1","Eef1a1","Rpl5","Malat1"
"2","Pvalb","Hspa1a","Myog","Malat1","Myh4","Eef1a1"
"3","Eno3","Junb","Cdkn1c","Rpl3","Aamdc","Rpl3"
"4","Myl1","Eef1a1","Rpl3","Vim","Capzb","Ptma"
"5","Tnnc2","Gpx3","Malat1","Actg1","Pfn1","Ppia"
"6","Tcap","Fos","Actc1","Ppia","Eef1b2","Naca"
"7","Car3","Rpl3","Acta2","Cd63","Hcfc1r1","Cd63"
"8","Cox6a2","Mt1","Ppia","Crip1","Ppia","Actb"
"9","Pgam2","Jund","Eef1b2","S100a6","Mif","Rpl5"
"10","Mylpf","Mt2","Tnnt2","Ptma","Rtn2","Cox8a"
"11","Mb","Ptma","Tmsb10","Mest","Casq1","Actg1"
"12","Tnni2","Btg2","Spg21","Naca","Itm2b","Eef1b2"
"13","Tnnt3","Id3","Naca","Tmsb10","Lsm6","Tmsb10"
"14","Acta1","H3f3b","Rpl5","Eef1b2","Lamp1","Gpx3"
"15","Tpm1","Ddx5","Actg1","Rpl5","Pomp","Xist"
"16","Ckm","Jun","Cd63","Actb","Gmpr","Junb"
"17","Atp2a1","Egr1","Itm2b","Npm1","Scp2","Npm1"
"18","Chchd10","Ppia","Cox8a","Sparc","Msrb1","Sparc"
"19","Cox8b","Cebpb","Npm1","Cox8a","Gabarapl2","Crip1"
"20","Myoz1","Actb","Ppib","H3f3b","Eif3k","H3f3b"
"21","Cox5a","Cd63","Ppp1r14b","Ifitm3","Ppp1ca","Vim"
"22","Actn3","Hsp90aa1","Slc25a5","Pfn1","Snrpb","Itm2a"
"23","Tpi1","Actg1","S100a6","Rbm3","H19","Itm2b"
"24","Cox7a1","Dnajb1","Pfn1","S100a10","Atcayos","Crip2"
"25","Cox7b","Eif4a1","Vim","Itm2b","Psmd8","Pfn1"
"26","Aldoa","Naca","Svbp","Slc25a5","Eif3i","Eif4a1"
"27","Ak1","Apoe","Tnni1","Tubb5","Tecr","Fos"
"28","Vdac1","Ppp1r15a","Rbm3","Anxa2","Lamtor1","Apoe"
"29","Atp5o","Tmsb10","H3f3b","Eif4a1","2410015M20Rik","Hsp90aa1"
"30","Mpc1","Btg1","Lsm6","Serpinh1","Hras","Zbtb20"
"31","Ndufc1","Rpl9","Actb","Ppp1r14b","Eif3h","Dynll1"
"32","Hspb6","Fosb","Chrna1","Apoe","Zfp706","Ppp1r14b"
"33","Ndufb8","Chodl","Apoe","B2m","H2afz","Jund"
"34","Mpc2","Rpl5","S100a16","Cfl1","Nenf","Egr1"
"35","Cycs","Nr4a1","Dynll1","S100a11","Use1","Ddx5"
"36","Ndufa5","Xist","Cdkn1a","Myl6","Pkig","Ifitm3"
"37","Ndufa3","Hspa5","Ptma","Itm2a","Sumo1","B2m"
"38","Mrpl42","Zbtb20","Lmna","Crip2","Calm3","Slc25a5"
"39","Ndufa12","Itm2b","Eif4a1","Dynll1","Dnajc15","Id3"
"40","Myot","Crip1","Tubb6","Col1a2","Dynlrb1","S100a10"
"41","Ndufv2","Crlf1","Myl4","Bgn","Mtfr1l","Rbm3"
"42","Uqcrfs1","Crip2","Sparc","Spp1","Hacd1","Eif3h"
"43","Pygm","Cox8a","Ttn","Acta2","Atp6v1f","Dag1"
"44","Ndufs7","H2-D1","Erh","Gpx3","Fam213b","Pabpc1"
"45","Sdhb","Cnn3","Arl6ip5","Pabpc1","Psmb4","Cfl1"
"46","Ugp2","Dnaja1","Hsp90aa1","Hnrnpa1","Actc1","Eif3k"
"47","Adssl1","Maff","Myl6","Ppib","Serpinb6a","S100a6"
"48","Gapdh","Dynll1","Mif","Hsp90aa1","Aimp2","Rbm39"
"49","Slc25a4","Rbm39","Pkig","Tuba1a","Mustn1","H2afz"
"50","Bola3","Npm1","Ckb","Lmna","Skp1a","Mt2"
"51","Ndufb2","Myl6","Eif3h","Txn1","Psma6","Rps12-ps3"
"52","Atp5g1","Eif3h","B2m","Eif3k","Psmd4","Jun"
"53","Uqcc2","Nfkbia","Gamt","Eif3h","Txn1","Mt1"
"54","Ptp4a3","Pfn1","Txn1","Mt2","Grpel1","Ppib"
"55","Ndufv3","B2m","Eif3k","Ddx5","Polr1d","Mest"
"56","2010107E04Rik","Errfi1","Ran","Tubb2b","Snrpd2","Myl6"
"57","Tcea3","Gstm1","Tmsb4x","Cnn3","Mrps7","Serpinh1"
"58","Tuba4a","Ier2","Cd82","Tspo","Psmd6","Cox6a1"
"59","Ndufs5","Gm11808","Akr1b3","Dag1","Laptm4a","Snrpf"
"60","Ndufs6","Slc25a5","Hnrnpk","Tmsb4x","Mrps33","Lmna"
"61","Mdh1","Rps27rt","Pabpc1","Cald1","Samm50","Pdlim4"
"62","Cyc1","Ifrd1","Ddx5","Lgals1","Cwc15","Ncl"
"63","Scn1b","Vim","Cox6a1","Anxa5","Npm1","Hspa1a"
"64","Ndufa11","Sdc4","Akr1a1","Igfbp5","Gm42418","Hnrnpk"
"65","Minos1","Hnrnpk","Nedd4","H2afz","Atp6v1e1","Hnrnpa1"
"66","Atp5g3","Cd9","Cfl1","Mtch1","Glo1","Cnn3"
"67","Cisd1","Cd81","Hes6","Junb","Smim11","Tuba1a"
"68","Eef1a2","Laptm4a","Hnrnpa1","Gnai2","Ppp1r14c","Anxa2"
"69","Pfkm","Gm15013","Lgals1","Hmgn1","Polr2m","Ifitm2"
"70","Acyp2","Rpl15","Aamdc","Hnrnpk","Klhl31","Ran"
"71","Ndufa8","Klf9","Tbca","Tagln2","Slirp","Cd81"
"72","Uqcrq","Ube2s","Snrpe","Cd81","Fh1","Laptm4a"
"73","Mrps21","Fxyd6","Hacd1","Akr1b3","Aurkaip1","Rpl15"
"74","Tma7","Pabpc1","Top1","Cd82","Capns1","Hmgn1"
"75","Cfl2","Eef1b2","Purb","Calr","Jtb","Txn1"
"76","Ndufa4","Rbm3","Neb","Arf5","Churc1","Erh"
"77","Ndufs3","Zfp36","Tuba1b","Akr1a1","Pla2g16","Hspa5"
"78","Tmod4","Rsrp1","Slc29a1","Ran","Shisa4","Akr1b3"
"79","Atp5k","Pdlim4","Gnb2","Cdkn1c","Eif4g2","Mif"
"80","Coq10a","Rpl10-ps3","Cd81","Npc2","Ankrd9","Col3a1"
"81","Cystm1","Socs3","Csnk1a1","Ppp1ca","Uqcc3","Gm42418"
"82","Apobec2","Bag3","Olfml2b","Snrpe","Cox8a","Snrpe"
"83","Ndufs2","Ccnl1","Laptm4a","Rpl10-ps3","Ppp1r2","Snrpd2"
"84","Smpx","Eif3k","Snrpf","Gnb2","Thoc7","Nedd4"
"85","Ndufb7","Gas1","Crip1","Zbtb20","Btbd1","Snrpb"
"86","Fhl1","Cfl1","Ppp1ca","Erh","Glrx3","Ube2s"
"87","Ndufa1","Ifitm2","Nme1","Mt1","Ufc1","Cd82"
"88","Atp5e","Rpl9-ps6","H2afz","Atpif1","Lsm4","H2-D1"
"89","Sh3bgr","Ifitm3","Eif4g2","Laptm4a","Hfe2","Btg1"
"90","Pink1","Ncl","Pcbp1","Cdh15","Phb2","Rsrp1"
"91","Usmg5","Glul","Cct5","Abracl","Gadd45gip1","Rpl9"
"92","Sar1b","Fus","Psma2","Ncl","Rpl10-ps3","Atpif1"
"93","Ndufb6","Srsf5","Ctsd","S100a16","Hibadh","Anxa5"
"94","Idh3a","Pde4b","Vcp","Cox6a1","Vapb","Dnaja1"
"95","Rpl3l","Zfp36l1","Polr1d","C1qtnf3","Ran","Srsf2"
"96","Fabp3","mt-Nd5","Ifitm3","Lgals3","Mrpl55","Arf5"
"97","Mybpc2","Cox6a1","Arf5","Pdlim4","Dynll2","Srrm2"
"98","Ckmt2","Vcam1","Rbm39","Tbca","B230118H07Rik","Set"
"99","Slc25a11","Akr1b3","Rpl10-ps3","Col3a1","Spcs1","Mtch1"
"100","Cox14","Lmna","Prmt1","Psap","Napa","Gm15013"
"101","Atp5j","S100a10","Ncl","Rbm39","Mrps18a","S100a11"
"102","Ldha","Myod1","Cct4","Ppic","Mrpl52","Hnrnpf"
"103","Pdlim7","Srsf2","Lyz2","Emp3","Rab18","Rps18"
"104","Tmem38a","Klf4","Snrpb","Clta","Mrpl34","Gm9493"
"105","Vdac3","Anxa2","Dynlrb1","Snrpf","Coa3","Akr1a1"
"106","Chchd3","Rps12-ps3","Psmd4","Mgp","Eif3m","Calr"
"107","Timm8b","Itm2a","Eif3i","Nedd4","Polr2k","Capns1"
"108","Ndufb9","H2afz","Tspo","Ifitm2","Naa50","Gnb2"
"109","Asb2","Tuba1a","Hmgn1","Cct4","Itgb1bp2","Son"
"110","Sod2","Gm8797","Phb2","Eif3i","Smim20","Cd9"
"111","Pdcd5","S100a6","Celf2","Cd9","Rad23a","Rps19"
"112","Cox7c","Mat2a","Tomm22","Polr1d","H3f3b","Rps4x"
"113","Etfb","Gm10076","C1qbp","Ptov1","Neb","Rpl10-ps3"
"114","Bin1","Serping1","Cct7","Eif4g2","Gstm5","Ppp1ca"
"115","Ndufa10","Arf4","Psmd8","Capn6","Camta1","Rps10"
"116","Sdhc","Sparc","Btg1","Hnrnpf","Arf5","Acta2"
"117","Idh3b","Son","Snrpd2","Anxa1","Dcn","Rpl12"
"118","Uqcr10","Hspa1b","Lamp1","Cdk4","Immt","Tubb5"
"119","Carnmt1","Rpl13a-ps1","Lgals3","Mif","Hspb2","Mrpl52"
"120","Cox6c","Wdr89","Eif4ebp1","Clic1","Mrps28","Gnai2"
"121","Ndufb5","Sqstm1","Polr2i","Sec61b","Rpl15","Eif3i"
"122","Uqcrb","Ctsl","Prkar1a","Rps12-ps3","Rpl29","Tbca"
"123","Ndufb3","Srrm2","Iffo1","Rhoa","Ube2d1","Rps16"
"124","2310040G24Rik","Gm2000","Cct2","H2-D1","Ssr4","Sfr1"
"125","Tmem256","Wsb1","Hnrnpf","Cct5","Tcp1","Eif4g2"
"126","Mrpl30","Anxa5","Spcs1","Spcs1","Metap2","Clta"
"127","Mrps36","Gem","C1qtnf3","Chrna1","Ap4s1","Ccnd3"
"128","Mef2c","Aldh2","Jam3","Cstb","Trdn","Ptov1"
"129","Bag1","Mbnl2","Tcp1","Set","Fxr1","Cct5"
"130","Gpi1","Cd82","Myod1","Anp32b","Strap","Srsf3"
"131","Atp5j2","Hnrnpf","Vasp","Snrpd2","Myl6","Rpl29"
"132","Zcrb1","Eif5","Arpc2","Capns1","Psma2","Cdk4"
"133","Smdt1","Nedd4","Maged1","Arpc2","Rap1a","Polr1d"
"134","Atp5c1","Gm9493","Pomp","Lyz2","Cacng1","Htra3"
"135","Coq9","Csrnp1","Ctsb","Rpl15","Gstm1","Ctsl"
"136","Cox6b1","H2-K1","Dbn1","Morf4l2","Aimp1","Krtcap2"
"137","Ccng1","Ppp1r14b","Tuba1a","Ctsb","Asph","Fus"
"138","Mrpl12","Nop58","Use1","Snrpb","Akr1b3","Use1"
"139","Phlda3","Gm10036","Cct8","Sfr1","Ctbp1","Tuba1b"
"140","Higd1a","Hmgn1","Srsf2","Islr","Gtf2h5","Pcbp1"
"141","Ndufs4","Dusp1","Ptov1","Dynlrb1","Atp1a2","Rhoa"
"142","Ldb3","Gadd45b","Crip2","Igfbp7","Ube2s","Fosb"
"143","Fkbp3","Atf4","H19","Arpc1b","Arl1","Spats2l"
"144","Mrpl18","Arf5","Tnnt1","H2afv","Glrx5","Ranbp1"
"145","Dnajc19","mt-Nd4l","Eif5","Cct2","Fundc2","mt-Nd5"
"146","Vdac2","Tuba1b","Rhoa","Pkig","Scand1","Tagln2"
"147","Txn2","Tmbim6","Psmb4","Rps10","Mrps16","Anp32b"
"148","Anapc5","Fgfr1","Eif3m","Hsp90b1","Rpl12","H2afv"
"149","Trim54","Hspd1","Psap","Ptms","Acadl","Prmt1"
"150","Mrpl51","Akr1a1","Eno1","Tpm4","Tomm22","Cdkn1c"
"151","Anapc13","Dag1","Cacng1","Eif3m","Fam162a","Spcs1"
"152","Vamp5","Rps19","Bri3","Gdi2","Mylpf","Lgals1"
"153","Mgst3","Tmbim1","Naa50","Nap1l1","Ampd1","Chodl"
"154","Psma7","Srsf3","Rps12-ps3","Peg3","Cltb","Hsp90b1"
"155","Ubl5","Eif4g2","Tmed9","Anxa6","Cst3","2410015M20Rik"
"156","Ndufs8","Cdkn1a","Ctsl","Btg1","Rps2","Gm11808"
"157","Aes","Cyr61","Rpl9-ps6","Rpl12","Rps10","Rpl9-ps6"
"158","Drap1","Eno1","Rps10","Phb2","Smpx","Arf4"
"159","Ndufb4","Ywhaq","Glrx3","Timp2","Hspb8","Top1"
"160","Ddit4l","Nfib","Capzb","Krtcap2","Hnrnpa2b1","Ier2"
"161","Etfa","Use1","Psma5","Lamp1","Ubxn1","Psap"
"162","Pdlim3","Prkar1a","Smim11","Dnaja1","Tpt1","Btg2"
"163","D8Ertd738e","Capns1","U2af1","Csnk1a1","Hist1h2bc","Morf4l2"
"164","Jsrp1","Meg3","Rpl15","Id3","Nedd8","Csnk1a1"
"165","1500011K16Rik","Coq10b","Cstb","Marcks","Prdx2","Eif3m"
"166","Fitm1","Top1","Junb","Arf4","Gpd1","Phb2"
"167","Suclg1","U2af1","Gnai2","Pcbp1","Pgm2","Wdr89"
"168","Ndufa13","Mafk","Med28","Jun","Lgals1","Cct4"
"169","Rwdd1","Cd200","Set","Ssr4","Fis1","Bgn"
"170","Uqcrc2","Sf3b1","Dnaja1","Rsrp1","Rps4x","Rps27rt"
"171","Ndufv1","Gnb2","Sub1","Ube2s","Ost4","Hnrnpab"
"172","Pigp","Psap","Taldo1","Tcp1","Myl1","Rpl19"
"173","Aldoart1","Sat1","Capns1","Rps4x","Pvalb","Ptms"
"174","Tsc22d3","Txn1","Rpl12","Nme1","Pfdn1","Emp3"
"175","Cox5b","Rhoa","Mrps33","Hspa5","Ank1","Eif5"
"176","Ndrg2","Gm10260","Tpm2","Prdx2","Tpm2","Atp5o"
"177","Fxyd1","Ubc","Cox5a","Cox5a","Tnni2","Cox7b"
"178","Ube2b","Gsn","Atp5o","Atp5o","Eno3","Cox5a"
"179","Gm10260","Pnrc1","Bin1","Cox7b","Tnnc2","Prdx2"
"180","Got1","Rpl23a","Cox7b","Psma7","Tpm1","Nedd8"
"181","Mlf1","Fxyd1","Rnf7","Nedd8","Tnnt3","Minos1"
"182","Pfn2","Ndrg2","Pdlim7","Minos1","Pgam2","Atp5g3"
"183","Ndufa6","Rps27","Cfl2","Ndufs2","Acta1","Ubl5"
"184","Cd24a","Htra3","Jsrp1","Atp5g3","Ckm","Hdgf"
"185","Nmrk2","Tnnc2","Atp5g3","Uqcrfs1","Tcap","Psma7"
"186","Uqcr11","Fgfr4","Minos1","Tpm2","Actn3","Rbx1"
"187","Pgm2","Zfp36l2","Prdx2","Vdac2","Cox6a2","Drap1"
"188","Map1lc3a","Atf3","Nedd8","Vdac1","Myoz1","Ndufb8"
"189","Mybpc1","Ppp1r10","Atp2a1","Psma4","Tpi1","Smdt1"
"190","Ndufb10","Rpl35","Uqcrfs1","Smdt1","Atp2a1","Psma4"
"191","Gm10053","Pax7","Cyc1","Arl6ip5","Car3","Mrpl33"
"192","Pdlim5","Itih5","Ndufa12","Idh2","Cox5a","Uqcrfs1"
"193","Hspb7","Hsph1","Srp9","Spats2l","Chchd10","Ctsb"
"194","Gng5","Rpl38","Psma7","Tma7","Cox7b","Dbi"
"195","Ndufa2","Rps28","Ndufs5","Tubb2a","Aldoa","Sec61b"
"196","Mllt3","mt-Nd3","Ndufs2","Ly6e","Ak1","Vcp"
"197","Atp5h","Rpl6","Vdac2","Capzb","Atp5o","Tspo"
"198","Trdn","Hspb1","Timm13","Prmt1","Vdac1","Npc2"
"199","Atp6v1g1","Fabp4","Ndufb8","Srp9","Ndufc1","Psmb2"
"200","Ndufb11","Pim1","Psmb2","Rac1","Cox8b","Peg3"
"201","Cib2","Rpl37","Tpi1","Cfl2","Mpc1","Tmed9"
"202","Crat","Rpl36","Smdt1","Psmb2","Pygm","Idh2"
"203","Gsn","Rps26","Psmb3","Marcksl1","Hspb6","Ndufa12"
"204","Art1","Rarres2","Dbi","Ctsd","Gapdh","Impdh2"
"205","Pkm","Sertad1","Sh3glb1","Prelid1","Cycs","Nop10"
"206","Eif1","mt-Nd4","Psmb7","Tmed9","Mb","Dynlrb1"
"207","Tob1","Snrpg","Map2k2","Mrpl33","Ndufb8","Cct2"
"208","Ppp1r27","mt-Nd1","Psmd7","Psma2","Mrpl42","Nap1l1"
"209","Ubc","Rps29","D8Ertd738e","Maged1","Ndufa5","Col1a2"
"210","Fabp4","Rpl37a","Psma4","Loxl1","Uqcc2","Psmb3"
"211","S100a1","Pvalb","Psmb5","D8Ertd738e","Ndufa12","Ndufs5"
"212","Acadm","Tob1","Vdac1","Rbx1","Ndufv2","C1qbp"
"213","Atp5l","Hspa8","Rbx1","Hnrnpab","Cox7a1","Cald1"
"214","Gyg","mt-Cytb","Ndufb7","Sh3bgrl3","Sdhb","Pomp"
"215","Acot13","Ubb","Hsbp1","Ubl5","Cfl2","Ssr4"
"216","Spop","Ckm","Ndufc1","Psmb4","Mpc2","Ndufb7"
"217","Cox17","mt-Co3","Actn3","Gpx1","Apobec2","Ssb"
"218","Park7","Eif4a2","Tma7","Fundc2","Uqcrfs1","Paip2"
"219","Eif4a2","Ahnak","Ndufb6","Ndufb8","Ndufs5","Ddah2"
"220","Mylk2","Eif1","Uqcc2","Olfml2b","Ndufs7","Hsbp1"
"221","Abra","mt-Nd2","Mrpl33","Tmem176b","Mybpc2","Anxa6"
"222","Cryab","Rpl41","Ndufv2","Nbl1","Tuba4a","Nenf"
"223","Macrod1","Lrrc58","Fundc2","P4hb","Ndufs6","Ppic"
"224","Ubac1","Gnas","Fkbp3","Dbi","Minos1","Ndufc1"
"225","Ndufab1","Neat1","Ank1","Hsbp1","Atp5g1","Metap2"
"226","Cdc34","Rps21","Ubl5","Psmd8","Ndufv3","Tubb2b"
"227","Des","Hmgb1","Mylpf","Vcp","Ndufb2","Timp2"
"228","Card19","Hnrnpu","Uqcrc2","Ndufs5","Bola3","Psma2"
"229","Rpl23a","Sec62","Pdcd5","Paip2","Ndufa3","D8Ertd738e"
"230","Vgll2","Myl12b","Ndufs3","Timm13","Eef1a2","Hnrnpdl"
"231","mt-Nd3","mt-Atp6","Ndufa10","Hnrnpc","Cisd1","Srp9"
"232","mt-Co3","Actn4","Timm17a","Arhgdia","Ndufb7","Timm13"
"233","mt-Cytb","Rabac1","Hdgf","Reep5","Adssl1","Tcp1"
"234","mt-Nd4","Ftl1","Psmc3","Ndufv2","Cyc1","Srsf11"
"235","mt-Nd1","Id1","Paip2","Arpc3","Tcea3","Tma7"
"236","mt-Co2","Rpl39","Ndufa8","Metap2","Sh3bgr","Ndufa5"
"237","mt-Atp6","Tmem59","Tmem38a","Hdgf","Slc25a4","Vdac2"
"238","mt-Co1","Ptms","Sdhb","Pdap1","Scn1b","Fkbp3"
"239","Gstp1","mt-Co2","Sdhd","Rab2a","Ndufa11","Cct7"
"240","Eci1","Rpl17","Gpi1","Fscn1","Bin1","Marcks"
"241","mt-Nd2","Rpl36a","Ndufa11","Pgls","Cystm1","Psmc3"
"242","Rpl35","Rap1b","Cox14","Hnrnpdl","Tmod4","Cyc1"
"243","D10Jhu81e","Tra2b","Ndufa5","Mrpl30","2010107E04Rik","Mrpl30"
"244","Sdha","Eef2","Ndufs7","Glrx3","Ldha","Tcf4"
"245","Ndufa9","Acta1","Ndufs6","Pomp","Atp5g3","Tmed10"
"246","Ppp1cb","Mylpf","Tpm1","Nenf","Ndufa8","Pdcd5"
"247","Rps28","Tnnt3","Pfdn2","Psmb7","Myot","Cfl2"
"248","Mrps24","Myl1","Drap1","Psma5","Uqcrq","Rrbp1"
"249","Rpl6","Tnni2","2410015M20Rik","Rnf7","Ndufa4","Nfic"
"250","Atp5b","Zfand5","Rtn2","Bri3","Ugp2","Pgls"
"251","Sdhd","Aldoa","Psma6","Arl1","Mdh1","Psmb4"
"252","Immp1l","Rpl35a","Hspa9","Lsm4","Rpl3l","Smc6"
"253","Zfand5","Uqcr11","Esd","Cct7","Ndufs3","Fbl"
"254","Idh3g","Rpl21","Mtdh","Impdh2","Pdlim7","Ubxn1"
"255","Pdha1","Gm10073","Cycs","Txndc17","Ptp4a3","Uqcc2"
"256","Sucla2","Rpl13","Ubxn1","Ndufb6","Idh3a","Ndufs7"
"257","Tmsb4x","Ndufa6","Ppp2ca","Psmc3","Sar1b","Nme1"
"258","Morf4l1","Cryab","Mrpl30","Eif4ebp1","2310040G24Rik","S100a16"
"259","Iscu","Calm2","Nop10","Tmed10","Cox14","Arl6ip5"
"260","Dcun1d5","Cnbp","Atp6v1f","Sox4","Mrps21","Ndufv3"
"261","Eif2s2","Hnrnpa2b1","Sirt2","Brk1","Timm8b","Sfpq"
"262","Rps29","mt-Co1","Npc2","Psmb5","Ndufb6","Ppp2ca"
"263","Pnrc1","Hnrnpa1","H2afv","Psmb3","Tmem38a","Lsm6"
"264","Ghitm","Tbca","Ypel3","Tomm22","Tma7","Ndufb6"
"265","Nudt4","Fth1","S100a11","Gnb1","Acyp2","Snrpd1"
"266","Aco2","Tpm1","Ankrd10","Rhoc","Gpi1","Tmem258"
"267","Tmed2","Map1lc3b","Lsm4","Ssr2","Mrpl30","Ttc3"
"268","Timm13","Map1lc3a","Acta1","Cct8","Mlf1","Ndufs2"
"269","Rheb","Rpl27-ps3","Myl1","Ddah2","Pfkm","Rab2a"
"270","Hdgf","Ube2b","Tnnt3","Nono","Ndufb9","Nbl1"
"271","Rpl37","Ldha","Tnni2","2410015M20Rik","Ndufb3","Ssr2"
"272","Atp5a1","Rpl10","Chchd10","Ndufa12","Pdcd5","Mtdh"
"273","Ybx1","Gabarap","Hspb8","Esd","Atp5e","Eif3a"
"274","Ube2d3","Sumo1","Klhl41","Ccnd3","Pigp","Ndufv2"
"275","Prdx1","Malat1","Cryab","Dap","Cox7c","Gdi2"
"276","Rpl41","Hspa1a","Gatm","Map1b","Drap1","Eif4h"
"277","Lmcd1","Junb","Nexn","Rnh1","Atp5j","Ddx39b"
"278","Got2","Eef1a1","Fndc5","C1qbp","Uqcr10","Ndufa11"
"279","Rpl7a","Gpx3","Isyna1","Eif3a","Smdt1","Sdhb"
"280","Rpl36","Fos","Arpp21","Htra3","Ndufs2","Pdap1"
"281","Uqcrc1","Rpl3","Srl","Timp1","Coq10a","Psma5"
"282","Hmgb1","Mt1","Ckm","Cav1","Chchd3","Hnrnpc"
"283","Sec61g","Jund","Tmem38b","Rrbp1","Atp5k","Ube2i"
"284","Vapa","Mt2","Pnmal2","Col5a2","Vdac2","Psmb7"
"285","Mtch2","Ptma","Lmnb2","Postn","Fkbp3","Cct8"
"286","Adipor1","Btg2","Inppl1","Nt5dc2","Usmg5","Rac1"
"287","Timm17a","Id3","Aldoa","Phlda1","Atp5c1","Ncam1"
"288","Calm1","H3f3b","Rnf126","Txndc5","Ndufs4","Rbm8a"
"289","Mrps14","Ddx5","Rbm24","Phlda3","Dnajc19","Sept7"
"290","Smim10l1","Jun","Smim5","Stmn1","Fitm1","Esd"
"291","Dph3","Egr1","Cap2","Pcolce","Pdlim3","Psmb5"
"292","Fth1","Ppia","Macf1","Cd200","Uqcrb","Marcksl1"
"293","Mdh2","Cebpb","Fam213b","Pdgfa","Vdac3","Fundc2"
"294","Tpm2","Actb","Hspb2","Tmem176a","Ndufa1","Sox4"
"295","Pvalb","Cd63","Scrib","Gpx8","Higd1a","Polr2f"
"296","Eno3","Hsp90aa1","Agpat3","Vcam1","Sod2","Ndufs6"
"297","Myl1","Actg1","Fbxo17","Capn2","Fhl1","AY036118"
"298","Tnnc2","Dnajb1","Aif1l","Heyl","Mef2c","Glrx3"
"299","Tcap","Eif4a1","Pkia","Mxra8","Gyg","Nfix"
"300","Car3","Naca","Rbm38","Sri","Mrpl51","Cdc37"
"301","Cox6a2","Apoe","Cobl","Sdc2","Ldb3","Lsm4"
"302","Pgam2","Ppp1r15a","Pgp","Rcn3","Ccng1","Cox14"
"303","Mylpf","Tmsb10","Enah","Tln2","Mrpl33","Tmem234"
"304","Mb","Btg1","Stard7","Tppp3","Jsrp1","Ndufs8"
"305","Tnni2","Rpl9","Akap9","Csrp1","Capza2","Rtn2"
"306","Tnnt3","Fosb","Hspb1","Litaf","Atp5j2","Arhgdia"
"307","Acta1","Chodl","Sap30","Rab34","Psmb7","Fscn1"
"308","Tpm1","Rpl5","Macrod1","Psip1","Ubl5","Nsa2"
"309","Ckm","Nr4a1","Ehd4","Fgfr4","Etfb","Capzb"
"310","Atp2a1","Xist","Stac3","Col1a1","Cox6b1","Rnf7"
"311","Chchd10","Hspa5","Mef2c","Ramp2","Tmem256","Eif3g"
"312","Cox8b","Zbtb20","4833439L19Rik","Dpysl3","Dbi","Psmd8"
"313","Myoz1","Itm2b","Traf3ip3","Socs3","Ndufb5","Gsn"
"314","Cox5a","Crip1","Id1","Myf5","Ndufa10","Socs3"
"315","Actn3","Crlf1","Hip1","Fstl1","Zcrb1","Zfp36"
"316","Tpi1","Crip2","Adssl1","Cd151","Cox6c","Gas1"
"317","Cox7a1","Cox8a","Pgam2","Errfi1","Suclg1","Serping1"
"318","Cox7b","H2-D1","Sec11c","Igfbp3","Sdhc","Errfi1"
"319","Aldoa","Cnn3","Mustn1","Fkbp9","Phlda3","Cebpb"
"320","Ak1","Dnaja1","Ago2","Tsc22d1","Idh3b","Sdc4"
"321","Vdac1","Maff","Sept4","Sdc4","Uqcrc2","Nfia"
"322","Atp5o","Dynll1","Smim20","Fcgrt","Slc25a11","Nfib"
"323","Mpc1","Rbm39","Timm10","Gas1","Art1","Tln2"
"324","Ndufc1","Npm1","Lima1","Serpinf1","Ndufb4","Klf9"
"325","Hspb6","Myl6","Scx","Plp2","0610012G03Rik","Rpl38"
"326","Ndufb8","Eif3h","Cdc42ep3","Clcn5","Psma7","Fgfr4"
"327","Mpc2","Nfkbia","Vma21","Igsf3","D8Ertd738e","Cav1"
"328","Cycs","Pfn1","Mef2a","Emp1","Macrod1","Cd200"
"329","Ndufa5","B2m","Fyttd1","Cnn2","Ptp4a2","Rps26"
"330","Ndufa3","Errfi1","Pdhb","Sh3bgrl","Coq9","Rpl37"
"331","Mrpl42","Gstm1","Rtn4","Mprip","Fabp3","Meg3"
"332","Ndufa12","Ier2","Ralgps2","Mxra7","Mrps36","Zfp36l1"
"333","Myot","Gm11808","Anxa11","Ier5","Des","Vcam1"
"334","Ndufv2","Slc25a5","Fam49b","Sec61a1","Bag1","Rps28"
"335","Uqcrfs1","Rps27rt","Map4","Wls","Hsbp1","Rpl35"
"336","Pygm","Ifrd1","Ak1","Hmgn3","Ndrg2","Myf5"
"337","Ndufs7","Vim","Prune2","Olfml3","Fxyd1","Tpm4"
"338","Sdhb","Sdc4","Aimp2","Tpm3","Ckmt2","Fxyd1"
"339","Ugp2","Hnrnpk","Cdc34","Ahnak","Ddit4l","Mgp"
"340","Adssl1","Cd9","Smtn","Cd44","Cib2","Kdm6b"
"341","Gapdh","Cd81","Emc2","Fn1","Map1lc3a","Rpl39"
"342","Slc25a4","Laptm4a","Dmpk","Arpc5","Pfn2","Nfkbia"
"343","Bola3","Gm15013","Ube2g2","Capg","Mybpc1","Rpl37a"
"344","Ndufb2","Rpl15","Trim35","Bok","Ube2b","Wsb1"
"345","Atp5g1","Klf9","Micu1","Pofut2","Pkm","Rpl36"
"346","Uqcc2","Ube2s","D10Jhu81e","Mmp14","Ndufb10","Pmp22"
"347","Ptp4a3","Fxyd6","Ubac1","Actn1","Ndufa6","Tpm3"
"348","Ndufv3","Pabpc1","Mospd1","Clic4","Mllt3","Pax7"
"349","2010107E04Rik","Eef1b2","Plpp1","Sytl2","Cd24a","Rpl41"
"350","Tcea3","Rbm3","Akt2","Cd47","Carnmt1","Fgfr1"
"351","Tuba4a","Zfp36","Fbxl22","Hs2st1","Mgst3","Ahnak"
"352","Ndufs5","Rsrp1","Phb","Iqsec3","Aldoart1","Dpm3"
"353","Ndufs6","Pdlim4","Tnnc2","Sdc1","Got1","Rpl36a"
"354","Mdh1","Rpl10-ps3","Sssca1","Nfib","Trim54","Rps21"
"355","Cyc1","Socs3","Ndufab1","Carhsp1","Park7","Klf4"
"356","Scn1b","Bag3","Pmaip1","Gsn","Uqcr11","Dcn"
"357","Ndufa11","Ccnl1","Rbfox2","Map4k4","1500011K16Rik","Rps29"
"358","Minos1","Eif3k","Ccng1","Atrx","Ndufa2","Atrx"
"359","Atp5g3","Gas1","1110008P14Rik","Fkbp7","Ndufa13","Hmgb1"
"360","Cisd1","Cfl1","Uqcrq","Col18a1","Ndufb11","Ramp2"
"361","Eef1a2","Ifitm2","Pts","Atp6v1a","Atp5l","Gnas"
"362","Pfkm","Rpl9-ps6","Msi2","App","Gng5","Snrpg"
"363","Acyp2","Ifitm3","Mtfr1l","Srsf9","Cox5b","Ccnl1"
"364","Ndufa8","Ncl","Chrng","Creb3l1","Fth1","Zfp36l2"
"365","Uqcrq","Glul","Mrps23","Tcf3","Pink1","Glul"
"366","Mrps21","Fus","Srp68","Ckap4","Asb2","Tppp3"
"367","Tma7","Srsf5","Cd164","Ptgfrn","Ppp1r27","Eif1a"
"368","Cfl2","Pde4b","Ninj1","Eif1a","Atp5h","Rpl17"
"369","Ndufa4","Zfp36l1","Ybx3","Cers2","Anapc5","Txndc5"
"370","Ndufs3","mt-Nd5","Tob1","Copa","Dph3","Rpl31"
"371","Tmod4","Cox6a1","Uqcr11","Tspan6","Atp6v1g1","Rab34"
"372","Atp5k","Vcam1","Pls3","Klf6","Pdlim5","Thra"
"373","Coq10a","Akr1b3","Synpo2l","Polr1c","Gpx4","Psip1"
"374","Cystm1","Lmna","Tomm70a","Slc6a6","Ndufab1","Rhoj"
"375","Apobec2","S100a10","Orai1","Fosb","Acot13","Rpl23a"
"376","Ndufs2","Myod1","Rras2","Cks1b","Cryab","Neat1"
"377","Smpx","Srsf2","Map2k1","Phip","Pkia","Rplp2"
"378","Ndufb7","Klf4","Mrps10","Axl","Cdc34","Dnajb1"
"379","Fhl1","Anxa2","Sod2","Ftl1","Cox17","Rpl35a"
"380","Ndufa1","Rps12-ps3","Syne1","Serping1","Ubac1","Sec62"
"381","Atp5e","Itm2a","Brd3","Prdx4","Klhl41","Rpl21"
"382","Sh3bgr","H2afz","Get4","Cks2","S100a1","Rpl34"
"383","Pink1","Tuba1a","Zfand5","Kmt2e","Atp5f1","Pnrc1"
"384","Usmg5","Gm8797","Chchd4","Armcx2","Emc6","Ppp1r15a"
"385","Sar1b","S100a6","Klhl22","Notch3","Timm17a","Cyb5a"
"386","Ndufb6","Mat2a","Srsf3","Tusc3","Prdx3","Rpl6"
"387","Idh3a","Gm10076","Pdlim4","Brd4","Aco2","Rps7"
"388","Rpl3l","Serping1","mt-Co1","Mxd4","Tmem126a","Fkbp2"
"389","Fabp3","Arf4","Anp32b","Calu","Smim10l1","Ltbp4"
"390","Mybpc2","Sparc","Timp2","Coro1b","Pdha1","Col6a1"
"391","Ckmt2","Son","Mt1","Wsb1","Arpc5l","Fxyd6"
"392","Slc25a11","Hspa1b","Hnrnpc","Adss","Rpl5","Rpl7a"
"393","Cox14","Rpl13a-ps1","Dag1","Flna","Myh4","Notch3"
"394","Atp5j","Wdr89","Morf4l2","Nfia","Aamdc","Nop58"
"395","Ldha","Sqstm1","Rpl9","Arl6ip1","Capzb","Ankrd11"
"396","Pdlim7","Ctsl","Calr","Ctsl","Pfn1","Rplp1"
"397","Tmem38a","Srrm2","Ranbp1","Dad1","Eef1b2","Rps15"
"398","Vdac3","Gm2000","mt-Nd5","Rpl9-ps6","Hcfc1r1","Rpl11"
"399","Chchd3","Wsb1","mt-Co2","Tmbim6","Ppia","mt-Nd3"
"400","Timm8b","Anxa5","Hspd1","Ywhaq","Mif","Rhoc"
"401","Ndufb9","Gem","Atpif1","mt-Co1","Rtn2","Dek"
"402","Asb2","Aldh2","Hnrnpdl","Tuba1b","Casq1","Dusp1"
"403","Sod2","Mbnl2","Arpc3","Srsf2","Itm2b","Igfbp7"
"404","Pdcd5","Cd82","Cdk4","Ranbp1","Lsm6","Ywhaq"
"405","Cox7c","Hnrnpf","Pgls","Srsf3","Lamp1","Fkbp7"
"406","Etfb","Eif5","Mt2","Prkar1a","Pomp","Tra2b"
"407","Bin1","Nedd4","Clta","Tmem59","Gmpr","Sertad1"
"408","Ndufa10","Gm9493","Hnrnpab","Jund","Scp2","Gem"
"409","Sdhc","Csrnp1","Gdi2","Pdlim7","Msrb1","Hspg2"
"410","Idh3b","H2-K1","Tmbim6","Msn","Gabarapl2","Cdh15"
"411","Uqcr10","Ppp1r14b","Reep5","Nudt21","Eif3k","Loxl1"
"412","Carnmt1","Nop58","Srrm2","Ckb","Ppp1ca","Serpinf1"
"413","Cox6c","Gm10036","Ube2l3","Actn3","Snrpb","Ubc"
"414","Ndufb5","Hmgn1","Ube2d2a","S100a4","H19","Acta1"
"415","Uqcrb","Dusp1","Cct3","Actr3","Atcayos","Mylpf"
"416","Ndufb3","Gadd45b","Wdr89","Fabp5","Psmd8","Myl1"
"417","2310040G24Rik","Atf4","Zbtb20","Slc29a1","Eif3i","Igf2"
"418","Tmem256","Arf5","Idh2","Zyx","Tecr","mt-Nd2"
"419","Mrpl30","mt-Nd4l","Srsf5","Socs2","Lamtor1","mt-Nd1"
"420","Mrps36","Tuba1b","Brk1","S100a13","2410015M20Rik","Mat2a"
"421","Mef2c","Tmbim6","Tspan3","Eif4e2","Hras","Romo1"
"422","Bag1","Fgfr1","Commd3","Akr1b8","Eif3h","Uqcr11"
"423","Gpi1","Hspd1","Suclg1","1810058I24Rik","Zfp706","mt-Nd4"
"424","Atp5j2","Akr1a1","Acadl","Gm9844","H2afz","Gm10073"
"425","Zcrb1","Dag1","Popdc3","Tpm1","Nenf","mt-Cytb"
"426","Smdt1","Rps19","Ndufs4","Iqgap1","Use1","Rpl23"
"427","Atp5c1","Tmbim1","Aco2","Hacd1","Pkig","Hspb1"
"428","Coq9","Srsf3","Psmc1","Mrps16","Sumo1","Atp5e"
"429","Cox6b1","Eif4g2","Psmd6","Rala","Calm3","Rps25"
"430","Ccng1","Cdkn1a","Spp1","Vmp1","Dnajc15","Rps8"
"431","Mrpl12","Cyr61","Ola1","Ndufs4","Dynlrb1","Rps2"
"432","Phlda3","Eno1","Zyx","Pold4","Mtfr1l","Rps14"
"433","Higd1a","Ywhaq","Psmc2","Ech1","Hacd1","Rpl13"
"434","Ndufs4","Nfib","Lamtor1","Id2","Atp6v1f","Rpl18a"
"435","Ldb3","Use1","Ghitm","Acadl","Fam213b","Rpl26"
"436","Fkbp3","Prkar1a","Emc6","Tax1bp3","Psmb4","Rps24"
"437","Mrpl18","Capns1","Slc25a11","Lgmn","Actc1","Eif4a2"
"438","Dnajc19","Meg3","Eif4e2","Itga7","Serpinb6a","Rpl28"
"439","Vdac2","Coq10b","Pla2g16","Rpn2","Aimp2","Cux1"
"440","Txn2","Top1","Lsm14a","1110008F13Rik","Mustn1","Rps17"
"441","Anapc5","U2af1","Rnf11","Serp1","Skp1a","Rps15a"
"442","Trim54","Mafk","Stk11","Ssu72","Psma6","Eif1"
"443","Mrpl51","Cd200","Chchd3","Chchd3","Psmd4","Aldh2"
"444","Anapc13","Sf3b1","Map7d1","Psme1","Txn1","Rps5"
"445","Vamp5","Gnb2","Prkaca","Btf3l4","Grpel1","Atp5h"
"446","Mgst3","Psap","Psmd12","Sept11","Polr1d","Rpl13a"
"447","Psma7","Sat1","Mrps12","Lrrc17","Snrpd2","Zfand5"
"448","Ubl5","Txn1","Psmc4","Lman2","Mrps7","Rps23"
"449","Ndufs8","Rhoa","Psmc5","Arpc1a","Psmd6","Tomm7"
"450","Aes","Gm10260","Mrpl51","9530068E07Rik","Laptm4a","Rplp0"
"451","Drap1","Ubc","1810058I24Rik","Psmd6","Mrps33","Rpl32"
"452","Ndufb4","Gsn","Josd2","Gde1","Samm50","Ndufb4"
"453","Ddit4l","Pnrc1","Grpel1","Lamtor1","Cwc15","Usmg5"
"454","Etfa","Rpl23a","Cisd1","Mydgf","Npm1","Rps27a"
"455","Pdlim3","Fxyd1","Pdcl3","Lamtor2","Gm42418","Kcnq1ot1"
"456","D8Ertd738e","Ndrg2","Btf3l4","Suclg1","Atp6v1e1","Gm2000"
"457","Jsrp1","Rps27","Cdv3","Eci2","Glo1","Oaz1"
"458","1500011K16Rik","Htra3","Snrnp27","Sdf4","Smim11","Rps6"
"459","Fitm1","Tnnc2","1110008F13Rik","Emc6","Ppp1r14c","Rpl30"
"460","Suclg1","Fgfr4","Acat1","Cdv3","Polr2m","Ndufa6"
"461","Ndufa13","Zfp36l2","Eno3","Mrpl51","Klhl31","Jsrp1"
"462","Rwdd1","Atf3","Mrpl21","Dazap1","Slirp","U2af1"
"463","Uqcrc2","Ppp1r10","Nes","Aco2","Fh1","Atp5j2"
"464","Ndufv1","Rpl35","Psmd1","Dctn3","Aurkaip1","Atp5l"
"465","Pigp","Pax7","Trappc2l","Jam3","Capns1","Srsf5"
"466","Aldoart1","Itih5","Srp19","Gpx7","Jtb","Snhg6"
"467","Tsc22d3","Hsph1","Ilkap","Cnih4","Churc1","Atp5k"
"468","Cox5b","Rpl38","Hint2","Ola1","Pla2g16","Rps13"
"469","Ndrg2","Rps28","Pin1","Gpc1","Shisa4","Uqcr10"
"470","Fxyd1","mt-Nd3","Traf4","Lsm8","Eif4g2","Tra2a"
"471","Ube2b","Rpl6","Sypl","Pdcd6","Ankrd9","Ndufa2"
"472","Gm10260","Hspb1","Samm50","Sdcbp","Uqcc3","Cox7c"
"473","Got1","Fabp4","Dnajc7","Ube2e3","Cox8a","Tmsb4x"
"474","Mlf1","Pim1","Mrpl38","Ift20","Ppp1r2","mt-Co1"
"475","Pfn2","Rpl37","Psmd3","Srp19","Thoc7","Dad1"
"476","Ndufa6","Rpl36","Chtop","Cdc26","Btbd1","Raly"
"477","Cd24a","Rps26","Abracl","Rbbp4","Glrx3","Atf4"
"478","Nmrk2","Rarres2","Derl1","Tm9sf3","Ufc1","Arpc2"
"479","Uqcr11","Sertad1","Vamp5","Cops5","Lsm4","mt-Co2"
"480","Pgm2","mt-Nd4","Ssu72","Srp72","Hfe2","Hspd1"
"481","Map1lc3a","Snrpg","Mff","Psmc4","Phb2","Prkar1a"
"482","Mybpc1","mt-Nd1","Tomm40","Lrrc59","Gadd45gip1","Sub1"
"483","Ndufb10","Rps29","Fam96b","Slc25a11","Rpl10-ps3","Ctsz"
"484","Gm10053","Rpl37a","Dlgap4","Bud31","Hibadh","Malat1"
"485","Pdlim5","Pvalb","Gm9844","Wdr1","Vapb","Eef1a1"
"486","Hspb7","Tob1","Mrpl32","Csrp2","Ran","Rpl3"
"487","Gng5","Hspa8","Polr2g","Fam92a","Mrpl55","Ptma"
"488","Ndufa2","mt-Cytb","Pdha1","Rbm17","Dynll2","Ppia"
"489","Mllt3","Ubb","Pold4","Ppp4c","B230118H07Rik","Naca"
"490","Atp5h","Ckm","Snx5","Cops4","Spcs1","Cd63"
"491","Trdn","mt-Co3","Mrpl28","Krcc1","Napa","Actb"
"492","Atp6v1g1","Eif4a2","Actr3","Cnih1","Mrps18a","Rpl5"
"493","Ndufb11","Ahnak","Dnajc15","Hexa","Mrpl52","Cox8a"
"494","Cib2","Eif1","Zfp106","Mff","Rab18","Actg1"
"495","Crat","mt-Nd2","Lman2","Caprin1","Mrpl34","Eef1b2"
"496","Gsn","Rpl41","Ccdc12","Dtymk","Coa3","Tmsb10"
"497","Art1","Lrrc58","Cops5","Mrpl32","Eif3m","Gpx3"
"498","Pkm","Gnas","Des","Sdf2","Polr2k","Xist"
"499","Eif1","Neat1","Atp6v1e1","Smarce1","Naa50","Junb"
"500","Tob1","Rps21","Akirin2","Ube2r2","Itgb1bp2","Npm1"
"501","Ppp1r27","Hmgb1","Idh3a","Mrpl28","Smim20","Sparc"
"502","Ubc","Hnrnpu","Immp1l","Vps29","Rad23a","Crip1"
"503","Fabp4","Sec62","March5","Snx5","H3f3b","H3f3b"
"504","S100a1","Myl12b","Eef1a1","Ppp2r1a","Neb","Vim"
"505","Acadm","mt-Atp6","Myog","Plec","Gstm5","Itm2a"
"506","Atp5l","Actn4","Cdkn1c","Med30","Camta1","Itm2b"
"507","Gyg","Rabac1","Rpl3","Mrpl13","Arf5","Crip2"
"508","Acot13","Ftl1","Malat1","Timm17a","Dcn","Pfn1"
"509","Spop","Id1","Actc1","Elavl1","Immt","Eif4a1"
"510","Cox17","Rpl39","Acta2","Ube2j2","Hspb2","Fos"
"511","Park7","Tmem59","Ppia","Igbp1","Mrps28","Apoe"
"512","Eif4a2","Ptms","Eef1b2","Pin1","Rpl15","Hsp90aa1"
"513","Mylk2","mt-Co2","Tnnt2","Papola","Rpl29","Zbtb20"
"514","Abra","Rpl17","Tmsb10","Sugt1","Ube2d1","Dynll1"
